[
  {
    "id":"ADS_TXT_ISSUES",
    "isDismissible":false,
    "kind":"adsense#alert",
    "message":"Please fix the problems with the ads.txt file to avoid negative impact on revenue.",
    "severity":"SEVERE",
    "type":"ADS_TXT_ISSUES"
  },
  {
    "id": "GRAYLISTED_PUBLISHER",
    "isDismissible": false,
    "kind": "adsense#alert",
    "message": "Your account has been graylisted. Please fix the issues in your AdSense panel.",
    "severity": "SEVERE",
    "type": "GRAYLISTED_PUBLISHER"
  }
]