{
  "accounts": [
    {
      "created": "2011-03-25T21:41:26.980Z",
      "id": "22305160",
      "kind": "analytics#account",
      "name": "10up",
      "selfLink": "https://www.googleapis.com/analytics/v3/management/accounts/22305160",
      "starred": null,
      "updated": "2019-08-22T17:20:53.203Z",
      "permissions": {
        "effective": []
      },
      "childLink": {
        "href": "https://www.googleapis.com/analytics/v3/management/accounts/22305160/webproperties",
        "type": "analytics#webproperties"
      }
    },
    {
      "created": "2019-09-12T13:26:44.300Z",
      "id": "147748919",
      "kind": "analytics#account",
      "name": "10up google populated",
      "selfLink": "https://www.googleapis.com/analytics/v3/management/accounts/147748919",
      "starred": null,
      "updated": "2019-10-04T16:20:03.992Z",
      "permissions": {
        "effective": [
          "COLLABORATE",
          "EDIT",
          "MANAGE_USERS",
          "READ_AND_ANALYZE"
        ]
      },
      "childLink": {
        "href": "https://www.googleapis.com/analytics/v3/management/accounts/147748919/webproperties",
        "type": "analytics#webproperties"
      }
    },
    {
      "created": "2019-09-12T13:26:35.147Z",
      "id": "147748971",
      "kind": "analytics#account",
      "name": "10up google",
      "selfLink": "https://www.googleapis.com/analytics/v3/management/accounts/147748971",
      "starred": null,
      "updated": "2019-09-12T13:26:35.147Z",
      "permissions": {
        "effective": [
          "COLLABORATE",
          "EDIT",
          "MANAGE_USERS",
          "READ_AND_ANALYZE"
        ]
      },
      "childLink": {
        "href": "https://www.googleapis.com/analytics/v3/management/accounts/147748971/webproperties",
        "type": "analytics#webproperties"
      }
    },
    {
      "created": "2019-09-13T09:37:08.970Z",
      "id": "147955370",
      "kind": "analytics#account",
      "name": "empty account",
      "selfLink": "https://www.googleapis.com/analytics/v3/management/accounts/147955370",
      "starred": null,
      "updated": "2019-10-03T15:29:51.578Z",
      "permissions": {
        "effective": [
          "COLLABORATE",
          "EDIT",
          "MANAGE_USERS",
          "READ_AND_ANALYZE"
        ]
      },
      "childLink": {
        "href": "https://www.googleapis.com/analytics/v3/management/accounts/147955370/webproperties",
        "type": "analytics#webproperties"
      }
    },
    {
      "created": "2019-10-09T16:11:23.145Z",
      "id": "149695095",
      "kind": "analytics#account",
      "name": "empty new one",
      "selfLink": "https://www.googleapis.com/analytics/v3/management/accounts/149695095",
      "starred": null,
      "updated": "2019-10-09T16:11:23.145Z",
      "permissions": {
        "effective": [
          "COLLABORATE",
          "EDIT",
          "MANAGE_USERS",
          "READ_AND_ANALYZE"
        ]
      },
      "childLink": {
        "href": "https://www.googleapis.com/analytics/v3/management/accounts/149695095/webproperties",
        "type": "analytics#webproperties"
      }
    },
    {
      "created": "2019-11-07T11:19:21.809Z",
      "id": "151753095",
      "kind": "analytics#account",
      "name": "whhever",
      "selfLink": "https://www.googleapis.com/analytics/v3/management/accounts/151753095",
      "starred": null,
      "updated": "2019-11-07T11:19:21.809Z",
      "permissions": {
        "effective": [
          "COLLABORATE",
          "EDIT",
          "MANAGE_USERS",
          "READ_AND_ANALYZE"
        ]
      },
      "childLink": {
        "href": "https://www.googleapis.com/analytics/v3/management/accounts/151753095/webproperties",
        "type": "analytics#webproperties"
      }
    },
    {
      "created": "2019-11-19T23:06:18.909Z",
      "id": "152925174",
      "kind": "analytics#account",
      "name": "ewwweg",
      "selfLink": "https://www.googleapis.com/analytics/v3/management/accounts/152925174",
      "starred": null,
      "updated": "2019-11-19T23:06:18.909Z",
      "permissions": {
        "effective": [
          "COLLABORATE",
          "EDIT",
          "MANAGE_USERS",
          "READ_AND_ANALYZE"
        ]
      },
      "childLink": {
        "href": "https://www.googleapis.com/analytics/v3/management/accounts/152925174/webproperties",
        "type": "analytics#webproperties"
      }
    }
  ],
  "properties": [
    {
      "accountId": "152925174",
      "created": "2019-11-19T23:06:18.909Z",
      "dataRetentionResetOnNewActivity": true,
      "dataRetentionTtl": "MONTHS_26",
      "defaultProfileId": "206512257",
      "id": "UA-152925174-1",
      "industryVertical": "UNSPECIFIED",
      "internalWebPropertyId": "216084974",
      "kind": "analytics#webproperty",
      "level": "STANDARD",
      "name": "wegweg",
      "profileCount": 1,
      "selfLink": "https://www.googleapis.com/analytics/v3/management/accounts/152925174/webproperties/UA-152925174-1",
      "starred": null,
      "updated": "2019-11-19T23:06:18.909Z",
      "websiteUrl": "http://googlekitlocal.10uplabs.com",
      "permissions": {
        "effective": [
          "COLLABORATE",
          "EDIT",
          "MANAGE_USERS",
          "READ_AND_ANALYZE"
        ]
      },
      "parentLink": {
        "href": "https://www.googleapis.com/analytics/v3/management/accounts/152925174",
        "type": "analytics#account"
      },
      "childLink": {
        "href": "https://www.googleapis.com/analytics/v3/management/accounts/152925174/webproperties/UA-152925174-1/profiles",
        "type": "analytics#profiles"
      }
    },
    {
      "accountId": "152925174",
      "created": "2019-12-10T20:58:14.075Z",
      "dataRetentionResetOnNewActivity": true,
      "dataRetentionTtl": "MONTHS_26",
      "defaultProfileId": "207913003",
      "id": "UA-152925174-2",
      "industryVertical": null,
      "internalWebPropertyId": "217917867",
      "kind": "analytics#webproperty",
      "level": "STANDARD",
      "name": "googlekitlocal.10uplabs.com",
      "profileCount": 1,
      "selfLink": "https://www.googleapis.com/analytics/v3/management/accounts/152925174/webproperties/UA-152925174-2",
      "starred": null,
      "updated": "2019-12-10T20:58:17.447Z",
      "websiteUrl": null,
      "permissions": {
        "effective": [
          "COLLABORATE",
          "EDIT",
          "MANAGE_USERS",
          "READ_AND_ANALYZE"
        ]
      },
      "parentLink": {
        "href": "https://www.googleapis.com/analytics/v3/management/accounts/152925174",
        "type": "analytics#account"
      },
      "childLink": {
        "href": "https://www.googleapis.com/analytics/v3/management/accounts/152925174/webproperties/UA-152925174-2/profiles",
        "type": "analytics#profiles"
      }
    },
    {
      "accountId": "152925174",
      "created": "2019-12-11T16:46:20.733Z",
      "dataRetentionResetOnNewActivity": true,
      "dataRetentionTtl": "MONTHS_26",
      "defaultProfileId": "207942016",
      "id": "UA-152925174-3",
      "industryVertical": null,
      "internalWebPropertyId": "217912859",
      "kind": "analytics#webproperty",
      "level": "STANDARD",
      "name": "googlekitlocal.10uplabs.com",
      "profileCount": 1,
      "selfLink": "https://www.googleapis.com/analytics/v3/management/accounts/152925174/webproperties/UA-152925174-3",
      "starred": null,
      "updated": "2019-12-11T16:46:23.567Z",
      "websiteUrl": null,
      "permissions": {
        "effective": [
          "COLLABORATE",
          "EDIT",
          "MANAGE_USERS",
          "READ_AND_ANALYZE"
        ]
      },
      "parentLink": {
        "href": "https://www.googleapis.com/analytics/v3/management/accounts/152925174",
        "type": "analytics#account"
      },
      "childLink": {
        "href": "https://www.googleapis.com/analytics/v3/management/accounts/152925174/webproperties/UA-152925174-3/profiles",
        "type": "analytics#profiles"
      }
    },
    {
      "accountId": "152925174",
      "created": "2019-12-12T22:16:52.878Z",
      "dataRetentionResetOnNewActivity": true,
      "dataRetentionTtl": "MONTHS_26",
      "defaultProfileId": "207935920",
      "id": "UA-152925174-4",
      "industryVertical": null,
      "internalWebPropertyId": "217990482",
      "kind": "analytics#webproperty",
      "level": "STANDARD",
      "name": "probable-bass.jurassic.ninja",
      "profileCount": 1,
      "selfLink": "https://www.googleapis.com/analytics/v3/management/accounts/152925174/webproperties/UA-152925174-4",
      "starred": null,
      "updated": "2019-12-12T22:16:54.253Z",
      "websiteUrl": null,
      "permissions": {
        "effective": [
          "COLLABORATE",
          "EDIT",
          "MANAGE_USERS",
          "READ_AND_ANALYZE"
        ]
      },
      "parentLink": {
        "href": "https://www.googleapis.com/analytics/v3/management/accounts/152925174",
        "type": "analytics#account"
      },
      "childLink": {
        "href": "https://www.googleapis.com/analytics/v3/management/accounts/152925174/webproperties/UA-152925174-4/profiles",
        "type": "analytics#profiles"
      }
    },
    {
      "accountId": "152925174",
      "created": "2019-12-17T13:11:01.837Z",
      "dataRetentionResetOnNewActivity": true,
      "dataRetentionTtl": "MONTHS_26",
      "defaultProfileId": "208136792",
      "id": "UA-152925174-5",
      "industryVertical": null,
      "internalWebPropertyId": "218284064",
      "kind": "analytics#webproperty",
      "level": "STANDARD",
      "name": "adequate-fungus.jurassic.ninja",
      "profileCount": 1,
      "selfLink": "https://www.googleapis.com/analytics/v3/management/accounts/152925174/webproperties/UA-152925174-5",
      "starred": null,
      "updated": "2019-12-17T13:11:03.265Z",
      "websiteUrl": null,
      "permissions": {
        "effective": [
          "COLLABORATE",
          "EDIT",
          "MANAGE_USERS",
          "READ_AND_ANALYZE"
        ]
      },
      "parentLink": {
        "href": "https://www.googleapis.com/analytics/v3/management/accounts/152925174",
        "type": "analytics#account"
      },
      "childLink": {
        "href": "https://www.googleapis.com/analytics/v3/management/accounts/152925174/webproperties/UA-152925174-5/profiles",
        "type": "analytics#profiles"
      }
    },
    {
      "accountId": "152925174",
      "created": "2019-12-17T14:51:06.285Z",
      "dataRetentionResetOnNewActivity": true,
      "dataRetentionTtl": "MONTHS_26",
      "defaultProfileId": "208162663",
      "id": "UA-152925174-6",
      "industryVertical": null,
      "internalWebPropertyId": "218280520",
      "kind": "analytics#webproperty",
      "level": "STANDARD",
      "name": "genuine-pigeon.jurassic.ninja",
      "profileCount": 1,
      "selfLink": "https://www.googleapis.com/analytics/v3/management/accounts/152925174/webproperties/UA-152925174-6",
      "starred": null,
      "updated": "2019-12-17T14:51:08.611Z",
      "websiteUrl": null,
      "permissions": {
        "effective": [
          "COLLABORATE",
          "EDIT",
          "MANAGE_USERS",
          "READ_AND_ANALYZE"
        ]
      },
      "parentLink": {
        "href": "https://www.googleapis.com/analytics/v3/management/accounts/152925174",
        "type": "analytics#account"
      },
      "childLink": {
        "href": "https://www.googleapis.com/analytics/v3/management/accounts/152925174/webproperties/UA-152925174-6/profiles",
        "type": "analytics#profiles"
      }
    }
  ],
  "profiles": [
    {
      "accountId": "152925174",
      "botFilteringEnabled": true,
      "created": "2019-11-19T23:06:18.909Z",
      "currency": "USD",
      "defaultPage": null,
      "eCommerceTracking": false,
      "enhancedECommerceTracking": null,
      "excludeQueryParameters": null,
      "id": "206512257",
      "internalWebPropertyId": "216084974",
      "kind": "analytics#profile",
      "name": "All Web Site Data",
      "selfLink": "https://www.googleapis.com/analytics/v3/management/accounts/152925174/webproperties/UA-152925174-1/profiles/206512257",
      "siteSearchCategoryParameters": null,
      "siteSearchQueryParameters": null,
      "starred": null,
      "stripSiteSearchCategoryParameters": null,
      "stripSiteSearchQueryParameters": null,
      "timezone": "America/Los_Angeles",
      "type": "WEB",
      "updated": "2019-11-19T23:06:18.909Z",
      "webPropertyId": "UA-152925174-1",
      "websiteUrl": "http://googlekitlocal.10uplabs.com",
      "permissions": {
        "effective": [
          "COLLABORATE",
          "EDIT",
          "MANAGE_USERS",
          "READ_AND_ANALYZE"
        ]
      },
      "parentLink": {
        "href": "https://www.googleapis.com/analytics/v3/management/accounts/152925174/webproperties/UA-152925174-1",
        "type": "analytics#webproperty"
      },
      "childLink": {
        "href": "https://www.googleapis.com/analytics/v3/management/accounts/152925174/webproperties/UA-152925174-1/profiles/206512257/goals",
        "type": "analytics#goals"
      }
    }
  ],
  "matchedProperty": {
    "accountId": "152925174",
    "created": "2019-11-19T23:06:18.909Z",
    "dataRetentionResetOnNewActivity": true,
    "dataRetentionTtl": "MONTHS_26",
    "defaultProfileId": "206512257",
    "id": "UA-152925174-1",
    "industryVertical": "UNSPECIFIED",
    "internalWebPropertyId": "216084974",
    "kind": "analytics#webproperty",
    "level": "STANDARD",
    "name": "wegweg",
    "profileCount": 1,
    "selfLink": "https://www.googleapis.com/analytics/v3/management/accounts/152925174/webproperties/UA-152925174-1",
    "starred": null,
    "updated": "2019-11-19T23:06:18.909Z",
    "websiteUrl": "http://googlekitlocal.10uplabs.com",
    "permissions": {
      "effective": [
        "COLLABORATE",
        "EDIT",
        "MANAGE_USERS",
        "READ_AND_ANALYZE"
      ]
    },
    "parentLink": {
      "href": "https://www.googleapis.com/analytics/v3/management/accounts/152925174",
      "type": "analytics#account"
    },
    "childLink": {
      "href": "https://www.googleapis.com/analytics/v3/management/accounts/152925174/webproperties/UA-152925174-1/profiles",
      "type": "analytics#profiles"
    }
  }
}
