{
  "accountId": "22305160",
  "created": "2019-11-07T11:19:21.809Z",
  "dataRetentionResetOnNewActivity": true,
  "dataRetentionTtl": "MONTHS_26",
  "defaultProfileId": "205382010",
  "id": "UA-22305160-1",
  "industryVertical": "UNSPECIFIED",
  "internalWebPropertyId": "214679897",
  "kind": "analytics#webproperty",
  "level": "STANDARD",
  "name": "rwh",
  "profileCount": 1,
  "selfLink": "https://www.googleapis.com/analytics/v3/management/accounts/22305160/webproperties/UA-22305160-1",
  "starred": null,
  "updated": "2019-11-07T11:19:21.809Z",
  "websiteUrl": "http://wrhwh.com",
  "permissions": {
    "effective": [
      "COLLABORATE",
      "EDIT",
      "MANAGE_USERS",
      "READ_AND_ANALYZE"
    ]
  },
  "parentLink": {
    "href": "https://www.googleapis.com/analytics/v3/management/accounts/22305160",
    "type": "analytics#account"
  },
  "childLink": {
    "href": "https://www.googleapis.com/analytics/v3/management/accounts/22305160/webproperties/UA-22305160-1/profiles",
    "type": "analytics#profiles"
  }
}
