[
  {
    "accountId": "151753095",
    "botFilteringEnabled": true,
    "created": "2019-11-07T18:19:43.274Z",
    "currency": "USD",
    "defaultPage": null,
    "eCommerceTracking": false,
    "enhancedECommerceTracking": null,
    "excludeQueryParameters": null,
    "id": "205369776",
    "internalWebPropertyId": "214682530",
    "kind": "analytics#profile",
    "name": "All Web Site Data",
    "selfLink": "https://www.googleapis.com/analytics/v3/management/accounts/151753095/webproperties/UA-151753095-2/profiles/205369776",
    "siteSearchCategoryParameters": null,
    "siteSearchQueryParameters": null,
    "starred": null,
    "stripSiteSearchCategoryParameters": null,
    "stripSiteSearchQueryParameters": null,
    "timezone": "America/Los_Angeles",
    "type": "WEB",
    "updated": "2019-11-07T18:19:43.274Z",
    "webPropertyId": "UA-151753095-2",
    "websiteUrl": "-",
    "permissions": {
      "effective": [
        "COLLABORATE",
        "EDIT",
        "MANAGE_USERS",
        "READ_AND_ANALYZE"
      ]
    },
    "parentLink": {
      "href": "https://www.googleapis.com/analytics/v3/management/accounts/151753095/webproperties/UA-151753095-2",
      "type": "analytics#webproperty"
    },
    "childLink": {
      "href": "https://www.googleapis.com/analytics/v3/management/accounts/151753095/webproperties/UA-151753095-2/profiles/205369776/goals",
      "type": "analytics#goals"
    }
  }
]