{
  "properties": [
    {
      "accountId": "151753095",
      "created": "2019-11-07T11:19:21.809Z",
      "dataRetentionResetOnNewActivity": true,
      "dataRetentionTtl": "MONTHS_26",
      "defaultProfileId": "205382010",
      "id": "UA-151753095-1",
      "industryVertical": "UNSPECIFIED",
      "internalWebPropertyId": "214679897",
      "kind": "analytics#webproperty",
      "level": "STANDARD",
      "name": "rwh",
      "profileCount": 1,
      "selfLink": "https://www.googleapis.com/analytics/v3/management/accounts/151753095/webproperties/UA-151753095-1",
      "starred": null,
      "updated": "2019-11-07T11:19:21.809Z",
      "websiteUrl": "http://wrhwh.com",
      "permissions": {
        "effective": [
          "COLLABORATE",
          "EDIT",
          "MANAGE_USERS",
          "READ_AND_ANALYZE"
        ]
      },
      "parentLink": {
        "href": "https://www.googleapis.com/analytics/v3/management/accounts/151753095",
        "type": "analytics#account"
      },
      "childLink": {
        "href": "https://www.googleapis.com/analytics/v3/management/accounts/151753095/webproperties/UA-151753095-1/profiles",
        "type": "analytics#profiles"
      }
    },
    {
      "accountId": "151753095",
      "created": "2019-11-07T18:19:42.743Z",
      "dataRetentionResetOnNewActivity": true,
      "dataRetentionTtl": "MONTHS_26",
      "defaultProfileId": "205369776",
      "id": "UA-151753095-2",
      "industryVertical": null,
      "internalWebPropertyId": "214682530",
      "kind": "analytics#webproperty",
      "level": "STANDARD",
      "name": "troubled-tipped.jurassic.ninja",
      "profileCount": 1,
      "selfLink": "https://www.googleapis.com/analytics/v3/management/accounts/151753095/webproperties/UA-151753095-2",
      "starred": null,
      "updated": "2019-11-07T18:19:44.019Z",
      "websiteUrl": null,
      "permissions": {
        "effective": [
          "COLLABORATE",
          "EDIT",
          "MANAGE_USERS",
          "READ_AND_ANALYZE"
        ]
      },
      "parentLink": {
        "href": "https://www.googleapis.com/analytics/v3/management/accounts/151753095",
        "type": "analytics#account"
      },
      "childLink": {
        "href": "https://www.googleapis.com/analytics/v3/management/accounts/151753095/webproperties/UA-151753095-2/profiles",
        "type": "analytics#profiles"
      }
    },
    {
      "accountId": "151753095",
      "created": "2019-11-07T18:26:20.368Z",
      "dataRetentionResetOnNewActivity": true,
      "dataRetentionTtl": "MONTHS_26",
      "defaultProfileId": "205371805",
      "id": "UA-151753095-3",
      "industryVertical": null,
      "internalWebPropertyId": "214704330",
      "kind": "analytics#webproperty",
      "level": "STANDARD",
      "name": "www.elasticpress.io",
      "profileCount": 1,
      "selfLink": "https://www.googleapis.com/analytics/v3/management/accounts/151753095/webproperties/UA-151753095-3",
      "starred": null,
      "updated": "2019-11-07T18:26:23.774Z",
      "websiteUrl": null,
      "permissions": {
        "effective": [
          "COLLABORATE",
          "EDIT",
          "MANAGE_USERS",
          "READ_AND_ANALYZE"
        ]
      },
      "parentLink": {
        "href": "https://www.googleapis.com/analytics/v3/management/accounts/151753095",
        "type": "analytics#account"
      },
      "childLink": {
        "href": "https://www.googleapis.com/analytics/v3/management/accounts/151753095/webproperties/UA-151753095-3/profiles",
        "type": "analytics#profiles"
      }
    },
    {
      "accountId": "151753095",
      "created": "2019-11-07T18:33:00.502Z",
      "dataRetentionResetOnNewActivity": true,
      "dataRetentionTtl": "MONTHS_26",
      "defaultProfileId": "205361907",
      "id": "UA-151753095-4",
      "industryVertical": null,
      "internalWebPropertyId": "214686162",
      "kind": "analytics#webproperty",
      "level": "STANDARD",
      "name": "www.elasticpress.io",
      "profileCount": 1,
      "selfLink": "https://www.googleapis.com/analytics/v3/management/accounts/151753095/webproperties/UA-151753095-4",
      "starred": null,
      "updated": "2019-11-07T18:33:02.868Z",
      "websiteUrl": null,
      "permissions": {
        "effective": [
          "COLLABORATE",
          "EDIT",
          "MANAGE_USERS",
          "READ_AND_ANALYZE"
        ]
      },
      "parentLink": {
        "href": "https://www.googleapis.com/analytics/v3/management/accounts/151753095",
        "type": "analytics#account"
      },
      "childLink": {
        "href": "https://www.googleapis.com/analytics/v3/management/accounts/151753095/webproperties/UA-151753095-4/profiles",
        "type": "analytics#profiles"
      }
    },
    {
      "accountId": "151753095",
      "created": "2019-11-07T19:07:26.522Z",
      "dataRetentionResetOnNewActivity": true,
      "dataRetentionTtl": "MONTHS_26",
      "defaultProfileId": "205379543",
      "id": "UA-151753095-5",
      "industryVertical": null,
      "internalWebPropertyId": "214672980",
      "kind": "analytics#webproperty",
      "level": "STANDARD",
      "name": "www.elasticpress.io",
      "profileCount": 1,
      "selfLink": "https://www.googleapis.com/analytics/v3/management/accounts/151753095/webproperties/UA-151753095-5",
      "starred": null,
      "updated": "2019-11-07T19:07:29.427Z",
      "websiteUrl": null,
      "permissions": {
        "effective": [
          "COLLABORATE",
          "EDIT",
          "MANAGE_USERS",
          "READ_AND_ANALYZE"
        ]
      },
      "parentLink": {
        "href": "https://www.googleapis.com/analytics/v3/management/accounts/151753095",
        "type": "analytics#account"
      },
      "childLink": {
        "href": "https://www.googleapis.com/analytics/v3/management/accounts/151753095/webproperties/UA-151753095-5/profiles",
        "type": "analytics#profiles"
      }
    },
    {
      "accountId": "151753095",
      "created": "2019-11-07T19:12:54.407Z",
      "dataRetentionResetOnNewActivity": true,
      "dataRetentionTtl": "MONTHS_26",
      "defaultProfileId": "205363610",
      "id": "UA-151753095-6",
      "industryVertical": null,
      "internalWebPropertyId": "214698073",
      "kind": "analytics#webproperty",
      "level": "STANDARD",
      "name": "www.elasticpress.io",
      "profileCount": 1,
      "selfLink": "https://www.googleapis.com/analytics/v3/management/accounts/151753095/webproperties/UA-151753095-6",
      "starred": null,
      "updated": "2019-11-07T19:12:57.636Z",
      "websiteUrl": null,
      "permissions": {
        "effective": [
          "COLLABORATE",
          "EDIT",
          "MANAGE_USERS",
          "READ_AND_ANALYZE"
        ]
      },
      "parentLink": {
        "href": "https://www.googleapis.com/analytics/v3/management/accounts/151753095",
        "type": "analytics#account"
      },
      "childLink": {
        "href": "https://www.googleapis.com/analytics/v3/management/accounts/151753095/webproperties/UA-151753095-6/profiles",
        "type": "analytics#profiles"
      }
    },
    {
      "accountId": "151753095",
      "created": "2019-11-07T19:19:01.491Z",
      "dataRetentionResetOnNewActivity": true,
      "dataRetentionTtl": "MONTHS_26",
      "defaultProfileId": "205365411",
      "id": "UA-151753095-7",
      "industryVertical": null,
      "internalWebPropertyId": "214698748",
      "kind": "analytics#webproperty",
      "level": "STANDARD",
      "name": "www.elasticpress.io",
      "profileCount": 1,
      "selfLink": "https://www.googleapis.com/analytics/v3/management/accounts/151753095/webproperties/UA-151753095-7",
      "starred": null,
      "updated": "2019-11-07T19:19:04.038Z",
      "websiteUrl": null,
      "permissions": {
        "effective": [
          "COLLABORATE",
          "EDIT",
          "MANAGE_USERS",
          "READ_AND_ANALYZE"
        ]
      },
      "parentLink": {
        "href": "https://www.googleapis.com/analytics/v3/management/accounts/151753095",
        "type": "analytics#account"
      },
      "childLink": {
        "href": "https://www.googleapis.com/analytics/v3/management/accounts/151753095/webproperties/UA-151753095-7/profiles",
        "type": "analytics#profiles"
      }
    },
    {
      "accountId": "151753095",
      "created": "2019-11-08T11:51:03.017Z",
      "dataRetentionResetOnNewActivity": true,
      "dataRetentionTtl": "MONTHS_26",
      "defaultProfileId": "205521980",
      "id": "UA-151753095-8",
      "industryVertical": null,
      "internalWebPropertyId": "214836683",
      "kind": "analytics#webproperty",
      "level": "STANDARD",
      "name": "wide-eastern.jurassic.ninja",
      "profileCount": 1,
      "selfLink": "https://www.googleapis.com/analytics/v3/management/accounts/151753095/webproperties/UA-151753095-8",
      "starred": null,
      "updated": "2019-11-08T11:51:04.546Z",
      "websiteUrl": null,
      "permissions": {
        "effective": [
          "COLLABORATE",
          "EDIT",
          "MANAGE_USERS",
          "READ_AND_ANALYZE"
        ]
      },
      "parentLink": {
        "href": "https://www.googleapis.com/analytics/v3/management/accounts/151753095",
        "type": "analytics#account"
      },
      "childLink": {
        "href": "https://www.googleapis.com/analytics/v3/management/accounts/151753095/webproperties/UA-151753095-8/profiles",
        "type": "analytics#profiles"
      }
    },
    {
      "accountId": "151753095",
      "created": "2019-11-14T17:17:12.709Z",
      "dataRetentionResetOnNewActivity": true,
      "dataRetentionTtl": "MONTHS_26",
      "defaultProfileId": "206195345",
      "id": "UA-151753095-9",
      "industryVertical": null,
      "internalWebPropertyId": "215620650",
      "kind": "analytics#webproperty",
      "level": "STANDARD",
      "name": "continental-song.jurassic.ninja",
      "profileCount": 1,
      "selfLink": "https://www.googleapis.com/analytics/v3/management/accounts/151753095/webproperties/UA-151753095-9",
      "starred": null,
      "updated": "2019-11-14T17:17:14.305Z",
      "websiteUrl": null,
      "permissions": {
        "effective": [
          "COLLABORATE",
          "EDIT",
          "MANAGE_USERS",
          "READ_AND_ANALYZE"
        ]
      },
      "parentLink": {
        "href": "https://www.googleapis.com/analytics/v3/management/accounts/151753095",
        "type": "analytics#account"
      },
      "childLink": {
        "href": "https://www.googleapis.com/analytics/v3/management/accounts/151753095/webproperties/UA-151753095-9/profiles",
        "type": "analytics#profiles"
      }
    },
    {
      "accountId": "151753095",
      "created": "2019-11-20T21:14:23.356Z",
      "dataRetentionResetOnNewActivity": true,
      "dataRetentionTtl": "MONTHS_26",
      "defaultProfileId": "206632054",
      "id": "UA-151753095-10",
      "industryVertical": null,
      "internalWebPropertyId": "216199992",
      "kind": "analytics#webproperty",
      "level": "STANDARD",
      "name": "accepted-land.jurassic.ninja",
      "profileCount": 1,
      "selfLink": "https://www.googleapis.com/analytics/v3/management/accounts/151753095/webproperties/UA-151753095-10",
      "starred": null,
      "updated": "2019-11-20T21:14:24.849Z",
      "websiteUrl": null,
      "permissions": {
        "effective": [
          "COLLABORATE",
          "EDIT",
          "MANAGE_USERS",
          "READ_AND_ANALYZE"
        ]
      },
      "parentLink": {
        "href": "https://www.googleapis.com/analytics/v3/management/accounts/151753095",
        "type": "analytics#account"
      },
      "childLink": {
        "href": "https://www.googleapis.com/analytics/v3/management/accounts/151753095/webproperties/UA-151753095-10/profiles",
        "type": "analytics#profiles"
      }
    },
    {
      "accountId": "151753095",
      "created": "2019-11-21T13:31:48.033Z",
      "dataRetentionResetOnNewActivity": true,
      "dataRetentionTtl": "MONTHS_26",
      "defaultProfileId": "206702585",
      "id": "UA-151753095-11",
      "industryVertical": null,
      "internalWebPropertyId": "216297199",
      "kind": "analytics#webproperty",
      "level": "STANDARD",
      "name": "passive-west.jurassic.ninja",
      "profileCount": 1,
      "selfLink": "https://www.googleapis.com/analytics/v3/management/accounts/151753095/webproperties/UA-151753095-11",
      "starred": null,
      "updated": "2019-11-21T13:31:49.388Z",
      "websiteUrl": null,
      "permissions": {
        "effective": [
          "COLLABORATE",
          "EDIT",
          "MANAGE_USERS",
          "READ_AND_ANALYZE"
        ]
      },
      "parentLink": {
        "href": "https://www.googleapis.com/analytics/v3/management/accounts/151753095",
        "type": "analytics#account"
      },
      "childLink": {
        "href": "https://www.googleapis.com/analytics/v3/management/accounts/151753095/webproperties/UA-151753095-11/profiles",
        "type": "analytics#profiles"
      }
    },
    {
      "accountId": "151753095",
      "created": "2019-11-21T19:18:33.920Z",
      "dataRetentionResetOnNewActivity": true,
      "dataRetentionTtl": "MONTHS_26",
      "defaultProfileId": "206693720",
      "id": "UA-151753095-12",
      "industryVertical": null,
      "internalWebPropertyId": "216259981",
      "kind": "analytics#webproperty",
      "level": "STANDARD",
      "name": "amused-condor.jurassic.ninja",
      "profileCount": 1,
      "selfLink": "https://www.googleapis.com/analytics/v3/management/accounts/151753095/webproperties/UA-151753095-12",
      "starred": null,
      "updated": "2019-11-21T19:18:35.449Z",
      "websiteUrl": null,
      "permissions": {
        "effective": [
          "COLLABORATE",
          "EDIT",
          "MANAGE_USERS",
          "READ_AND_ANALYZE"
        ]
      },
      "parentLink": {
        "href": "https://www.googleapis.com/analytics/v3/management/accounts/151753095",
        "type": "analytics#account"
      },
      "childLink": {
        "href": "https://www.googleapis.com/analytics/v3/management/accounts/151753095/webproperties/UA-151753095-12/profiles",
        "type": "analytics#profiles"
      }
    },
    {
      "accountId": "151753095",
      "created": "2019-11-25T13:40:16.332Z",
      "dataRetentionResetOnNewActivity": true,
      "dataRetentionTtl": "MONTHS_26",
      "defaultProfileId": "206840015",
      "id": "UA-151753095-13",
      "industryVertical": null,
      "internalWebPropertyId": "216549282",
      "kind": "analytics#webproperty",
      "level": "STANDARD",
      "name": "occupational-hornets.jurassic.ninja",
      "profileCount": 1,
      "selfLink": "https://www.googleapis.com/analytics/v3/management/accounts/151753095/webproperties/UA-151753095-13",
      "starred": null,
      "updated": "2019-11-25T13:40:17.977Z",
      "websiteUrl": null,
      "permissions": {
        "effective": [
          "COLLABORATE",
          "EDIT",
          "MANAGE_USERS",
          "READ_AND_ANALYZE"
        ]
      },
      "parentLink": {
        "href": "https://www.googleapis.com/analytics/v3/management/accounts/151753095",
        "type": "analytics#account"
      },
      "childLink": {
        "href": "https://www.googleapis.com/analytics/v3/management/accounts/151753095/webproperties/UA-151753095-13/profiles",
        "type": "analytics#profiles"
      }
    },
    {
      "accountId": "151753095",
      "created": "2019-11-25T14:36:13.163Z",
      "dataRetentionResetOnNewActivity": true,
      "dataRetentionTtl": "MONTHS_26",
      "defaultProfileId": "206891396",
      "id": "UA-151753095-14",
      "industryVertical": null,
      "internalWebPropertyId": "216536605",
      "kind": "analytics#webproperty",
      "level": "STANDARD",
      "name": "maximum-rainbow.jurassic.ninja",
      "profileCount": 1,
      "selfLink": "https://www.googleapis.com/analytics/v3/management/accounts/151753095/webproperties/UA-151753095-14",
      "starred": null,
      "updated": "2019-11-25T14:36:14.533Z",
      "websiteUrl": null,
      "permissions": {
        "effective": [
          "COLLABORATE",
          "EDIT",
          "MANAGE_USERS",
          "READ_AND_ANALYZE"
        ]
      },
      "parentLink": {
        "href": "https://www.googleapis.com/analytics/v3/management/accounts/151753095",
        "type": "analytics#account"
      },
      "childLink": {
        "href": "https://www.googleapis.com/analytics/v3/management/accounts/151753095/webproperties/UA-151753095-14/profiles",
        "type": "analytics#profiles"
      }
    },
    {
      "accountId": "151753095",
      "created": "2019-12-04T19:01:58.158Z",
      "dataRetentionResetOnNewActivity": true,
      "dataRetentionTtl": "MONTHS_26",
      "defaultProfileId": "207469871",
      "id": "UA-151753095-15",
      "industryVertical": null,
      "internalWebPropertyId": "217310328",
      "kind": "analytics#webproperty",
      "level": "STANDARD",
      "name": "heavy-turtle.jurassic.ninja",
      "profileCount": 1,
      "selfLink": "https://www.googleapis.com/analytics/v3/management/accounts/151753095/webproperties/UA-151753095-15",
      "starred": null,
      "updated": "2019-12-04T19:01:59.417Z",
      "websiteUrl": null,
      "permissions": {
        "effective": [
          "COLLABORATE",
          "EDIT",
          "MANAGE_USERS",
          "READ_AND_ANALYZE"
        ]
      },
      "parentLink": {
        "href": "https://www.googleapis.com/analytics/v3/management/accounts/151753095",
        "type": "analytics#account"
      },
      "childLink": {
        "href": "https://www.googleapis.com/analytics/v3/management/accounts/151753095/webproperties/UA-151753095-15/profiles",
        "type": "analytics#profiles"
      }
    },
    {
      "accountId": "151753095",
      "created": "2019-12-05T14:38:36.289Z",
      "dataRetentionResetOnNewActivity": true,
      "dataRetentionTtl": "MONTHS_26",
      "defaultProfileId": "207496955",
      "id": "UA-151753095-16",
      "industryVertical": null,
      "internalWebPropertyId": "217395710",
      "kind": "analytics#webproperty",
      "level": "STANDARD",
      "name": "native-bird.jurassic.ninja",
      "profileCount": 1,
      "selfLink": "https://www.googleapis.com/analytics/v3/management/accounts/151753095/webproperties/UA-151753095-16",
      "starred": null,
      "updated": "2019-12-05T14:38:38.168Z",
      "websiteUrl": null,
      "permissions": {
        "effective": [
          "COLLABORATE",
          "EDIT",
          "MANAGE_USERS",
          "READ_AND_ANALYZE"
        ]
      },
      "parentLink": {
        "href": "https://www.googleapis.com/analytics/v3/management/accounts/151753095",
        "type": "analytics#account"
      },
      "childLink": {
        "href": "https://www.googleapis.com/analytics/v3/management/accounts/151753095/webproperties/UA-151753095-16/profiles",
        "type": "analytics#profiles"
      }
    },
    {
      "accountId": "151753095",
      "created": "2019-12-05T16:02:23.384Z",
      "dataRetentionResetOnNewActivity": true,
      "dataRetentionTtl": "MONTHS_26",
      "defaultProfileId": "207540387",
      "id": "UA-151753095-17",
      "industryVertical": null,
      "internalWebPropertyId": "217408645",
      "kind": "analytics#webproperty",
      "level": "STANDARD",
      "name": "driving-gazelle.jurassic.ninja",
      "profileCount": 1,
      "selfLink": "https://www.googleapis.com/analytics/v3/management/accounts/151753095/webproperties/UA-151753095-17",
      "starred": null,
      "updated": "2019-12-05T16:02:25.241Z",
      "websiteUrl": null,
      "permissions": {
        "effective": [
          "COLLABORATE",
          "EDIT",
          "MANAGE_USERS",
          "READ_AND_ANALYZE"
        ]
      },
      "parentLink": {
        "href": "https://www.googleapis.com/analytics/v3/management/accounts/151753095",
        "type": "analytics#account"
      },
      "childLink": {
        "href": "https://www.googleapis.com/analytics/v3/management/accounts/151753095/webproperties/UA-151753095-17/profiles",
        "type": "analytics#profiles"
      }
    }
  ],
  "profiles": [
    {
      "accountId": "151753095",
      "botFilteringEnabled": true,
      "created": "2019-11-07T11:19:21.809Z",
      "currency": "USD",
      "defaultPage": null,
      "eCommerceTracking": false,
      "enhancedECommerceTracking": null,
      "excludeQueryParameters": null,
      "id": "205382010",
      "internalWebPropertyId": "214679897",
      "kind": "analytics#profile",
      "name": "All Web Site Data",
      "selfLink": "https://www.googleapis.com/analytics/v3/management/accounts/151753095/webproperties/UA-151753095-1/profiles/205382010",
      "siteSearchCategoryParameters": null,
      "siteSearchQueryParameters": null,
      "starred": null,
      "stripSiteSearchCategoryParameters": null,
      "stripSiteSearchQueryParameters": null,
      "timezone": "America/Los_Angeles",
      "type": "WEB",
      "updated": "2019-11-07T11:19:21.809Z",
      "webPropertyId": "UA-151753095-1",
      "websiteUrl": "http://wrhwh.com",
      "permissions": {
        "effective": [
          "COLLABORATE",
          "EDIT",
          "MANAGE_USERS",
          "READ_AND_ANALYZE"
        ]
      },
      "parentLink": {
        "href": "https://www.googleapis.com/analytics/v3/management/accounts/151753095/webproperties/UA-151753095-1",
        "type": "analytics#webproperty"
      },
      "childLink": {
        "href": "https://www.googleapis.com/analytics/v3/management/accounts/151753095/webproperties/UA-151753095-1/profiles/205382010/goals",
        "type": "analytics#goals"
      }
    }
  ]
}
