[
  {
    "slug": "site-verification",
    "name": "Site Verification",
    "description": "Google Site Verification allows you to manage ownership of your site.",
    "homepage": "https://www.google.com/webmasters/verification/home",
    "internal": true,
    "active": true,
    "connected": true,
    "dependencies": [],
    "dependants": []
  },
  {
    "slug": "search-console",
    "name": "Search Console",
    "description": "Google Search Console and helps you understand how Google views your site and optimize its performance in search results.",
    "homepage": "https://search.google.com/search-console",
    "internal": false,
    "active": true,
    "connected": true,
    "dependencies": [],
    "dependants": []
  },
  {
    "slug": "adsense",
    "name": "AdSense",
    "description": "Earn money by placing ads on your website. It’s free and easy.",
    "homepage": "https://www.google.com/adsense/start?source=site-kit&url=http://open-clownfish.jurassic.ninja",
    "internal": false,
    "active": false,
    "connected": false,
    "dependencies": [],
    "dependants": []
  },
  {
    "slug": "analytics",
    "name": "Analytics",
    "description": "Get a deeper understanding of your customers. Google Analytics gives you the free tools you need to analyze data for your business in one place.",
    "homepage": "https://analytics.google.com/analytics/web",
    "internal": false,
    "active": true,
    "connected": true,
    "dependencies": [],
    "dependants": [
      "optimize",
      "tagmanager"
    ]
  },
  {
    "slug": "pagespeed-insights",
    "name": "PageSpeed Insights",
    "description": "Google PageSpeed Insights gives you metrics about performance, accessibility, SEO and PWA.",
    "homepage": "https://developers.google.com/speed/pagespeed/insights/",
    "internal": false,
    "active": true,
    "connected": true,
    "dependencies": [],
    "dependants": []
  },
  {
    "slug": "optimize",
    "name": "Optimize",
    "description": "Create free A/B tests that help you drive metric-based design solutions to your site.",
    "homepage": "https://optimize.google.com/optimize/home/",
    "internal": false,
    "active": false,
    "connected": false,
    "dependencies": [
      "analytics"
    ],
    "dependants": []
  },
  {
    "slug": "tagmanager",
    "name": "Tag Manager",
    "description": "Tag Manager creates an easy to manage way to create tags on your site without updating code.",
    "homepage": "https://tagmanager.google.com/",
    "internal": false,
    "active": false,
    "connected": false,
    "dependencies": [
      "analytics"
    ],
    "dependants": []
  }
]
